Allele,D8S1179,D21S11,D7S820,CSF1PO,D3S1358,THO1,D13S317,D16S539,D2S1338,D19S433,VWA,TPOX,D18S51,D5S818,FGA,PENTAE,PENTAD,D12S391,D1S1656,D6S1043,D10S1248,D22S1045,D2S441,SE33
2.2,0,0,0,0,0,0,0,0,0,0,0,0,0,0,0,0,0.00358,0,0,0,0,0,0,0
3.2,0,0,0,0,0,0,0,0,0,0,0,0,0,0,0,0,0.00011,0,0,0,0,0,0,0
4,0,0,0,0,0,0.00023,0,0,0,0,0,0,0,0,0,0,0,0,0,0,0,0,0,0
4.2,0,0,0,0,0,0,0,0,0,0,0,0,0,0,0,0,0,0,0,0,0,0,0,0
5,0,0,0,0,0,0.00064,0,5e-05,0,0,0,0.00016,0,0,0,0.03717,0.00146,0,0,0,0,0,0,0
6,0,0,0.00011,4e-04,0,0.29564,0.00055,0,0,0,0,0.00261,0,0,0,0.00051,0.00039,0,0,0,0,0,0,0
7,0,0,0.01408,0.00167,0,0.26031,0.00027,0.00011,0,0,0,0.00142,0,0.0693,0,0.09435,0.01014,0,0,0,0,0,0,0
8,0.00898,0,0.10337,0.00448,0,0.08001,0.00117,0.01758,0,0,0,0.48349,0,0.00635,0,0.00785,0.01366,0,0,0,0,0,0,0
8.3,0,0,0,6e-05,0,0,0,0,0,0,0,0,0,0,0,0,0,0,0,0,0,0,0,0
9,0.00762,0,0.0882,0.02185,0,0.12342,0.16994,0.16177,0,0.00289,0,0.0779,0.00038,0.0421,0,0.06695,0.19036,0,0,0.001,0,0,0.0057,0
9.1,0,0,5e-05,0,0,0,0,0,0,0,0,0,0,0,0,0,0,0,0,0,0,0,0,0
9.2,0,0,0,0,0,0,0,0,0,0,0,0,0,0,0,0,0.00056,0,0,0,0,0,0,0
9.3,0,0,0,0,0,0.23091,0,0,0,0,0,0,0,0,0,0,0,0,0,0,0,0,0,0
10,0.06872,0,0.26243,0.26929,5e-05,0.00808,0.08562,0.10915,0,0,0,0.04761,0.00728,0.05326,0,0.00017,0.20671,0,0.00634,0.0054,0,0.0043,0.198,0
10.2,0,0,0,0,0,0,0,0,0,0,0,0,0.00011,0,0,0,0,0,0,0,0,0,0,0
10.3,0,0,0,6e-05,0,0,0,0,0,0,0,0,0,0,0,0,0,0,0,0,0,0,0,0
11,0.07247,0,0.30968,0.28222,0.00055,7e-04,0.25469,0.27673,0,0.02601,0.00098,0.28963,0.01144,0.42216,0,0.0878,0.16045,0,0.05128,0.2165,0.0057,0.1358,0.3382,0
11.2,0,0,0,0,0,0,0,0,0,0.00289,0,0,0,0,0,0,0,0,0,0,0,0,0,0
11.3,0,0,0,0,0,0,0,0,0,0,0,0,0,0,0,0,0,0,0,0,0,0,0.0506,0
12,0.14353,0,0.1863,0.34753,0.00186,0,0.26182,0.27623,0,0.06936,0.00082,0.09435,0.12708,0.27108,0,0.1822,0.17008,0,0.08108,0.2301,0.0347,0.0058,0.0405,0
12.1,0,0,5e-05,0,0,0,0,0,0,0,0,0,0,0,0,0,0,0,0,0,0,0,0,0
12.2,0,0,5e-05,0,0,0,0,0,0,0.02312,0,0,0,0,0,0,0,0,0,0,0,0,0,0
12.3,0,0,5e-05,0,0,0,0,0,0,0,0,0,0,0,0,0,0,0,0,0,0,0,0.0029,0
13,0.30446,0,0.03094,0.06209,0.00399,0,0.12787,0.1379,0,0.19942,0.00414,0.00256,0.11537,0.12503,0,0.09463,0.1684,0,0.09286,0.106,0.2905,0.0101,0.0318,0.0087
13.2,0,0,0,0,0,0,0,0,0,0.09249,0,0,0.00011,0,0,0.00011,0,0,0,0,0,0,0,0
13.3,0,0,0,0,0,6e-05,0,0,0,0,0,0,0,0,0,0,0,0,0,0,0,0,0,0
14,0.22236,0,0.00462,0.00868,0.07485,0,0.09606,0.01917,0.005682,0.28613,0.06419,0.00012,0.20496,0.00843,0,0.09299,0.0541,0.00034,0.14241,0.0643,0.2977,0.0347,0.2832,0.0376
14.2,0,0,0,0,0,0,0,0,0,0.0578,0,0,0.00016,0,0,0,0,0,0,0,0,0,0,0.007
14.3,0,0,0,0,0,0,0,0,0,0,0,0,0,0,0,0,0,0,0.0045,0,0,0,0,0
15,0.13732,0,7e-05,0.00167,0.35112,0,0.00196,0.00131,0,0.13873,0.0943,0,0.14191,0.00208,0,0.09814,0.01512,0.05128,0.16805,0.0389,0.1965,0.3656,0.0448,0.0361
15.2,0,0,0,0,0,0,0,0,0,0.05491,0,0,5e-05,0,0,0,0,0,0,0,0,0,0,0
15.3,0,0,0,0,0,0,0,0,0,0,0,0,0,0,0,0,0,0,0.04019,0,0,0,0,0
16,0.03047,0,0,0,0.27983,0,5e-05,0,0.059659,0.03468,0.30923,5e-05,0.12002,0.00021,0.00038,0.05927,0.00364,0.04608,0.15454,0.0082,0.1344,0.3627,0.0043,0.052
16.2,0,0,0,0,0,0,0,0,0,0.01156,0,0,5e-05,0,0,0,0,0,0,0,0,0,0,0
16.3,0,0,0,0,0,0,0,0,0,0,0,0,0,0,0,9e-04,0,0,0.06168,0,0,0,0,0
16.4,0,0,0,0,0,0,0,0,0,0,0,0,0,0,0,6e-05,0,0,0,0,0,0,0,0
17,0.00337,0,0,0,0.16096,0,0,0,0.232955,0,0.28278,0,0.12407,0,0.00223,0.05322,9e-04,0.11331,0.04435,0.0516,0.0376,0.0751,0,0.065
17.1,0,0,0,0,0,0,0,0,0,0,0,0,0,0,0,0,0,0.00139,0,0,0,0,0,0
17.3,0,0,0,0,0,0,0,0,0,0,0,0,0,0,0,0,0,0.00105,0.10281,0,0,0,0,0
18,0.00065,0,0,0,0.11706,0,0,0,0.071023,0,0.16705,0,0.06715,0,0.01084,0.03859,0.00017,0.21275,0.00624,0.0978,0.0029,0.0059,0,0.0824
18.1,0,0,0,0,0,0,0,0,0,0,0,0,0,0,0,0,0,0.00035,0,9e-04,0,0,0,0
18.2,0,0,0,0,0,0,0,0,0,0,0,0,0,0,0.00038,0,0,0,0,0,0,0,0,0
18.3,0,0,0,0,0,0,0,0,0,0,0,0,0,0,0,0,0,0.01178,0.03569,9e-04,0,0,0,0
19,5e-05,5e-05,0,0,0.00891,0,0,0,0.15625,0,0.06425,0,0.03639,0,0.08764,0.02616,0.00017,0.15523,0.00035,0.0879,0,0,0,0.0809
19.1,0,0,0,0,0,0,0,0,0,0,0,0,0,0,0,0,0,0.00243,0,0,0,0,0,0
19.2,0,0,0,0,0,0,0,0,0,0,0,0,0,0,0.00016,0,0,0,0,0,0,0,0,0
19.3,0,0,0,0,0,0,0,0,0,0,0,0,0,0,0,0,0,0.00485,0.00728,0.0018,0,0,0,0
20,0,0,0,0,0.00071,0,0,0,0.127841,0,0.01123,0,0.01954,0,0.09248,0.02537,0,0.13513,0,0.0525,0,0,0,0.0491
20.1,0,0,0,0,0,0,0,0,0,0,0,0,0,0,0,0,0,0.00069,0,0,0,0,0,0
20.2,0,0,0,0,0,0,0,0,0,0,0,0,0,0,0.00022,0,0,0,0,0,0,0,0,0.0087
20.3,0,0,0,0,0,0,0,0,0,0,0,0,0,0,0,0,0,0.00035,0.00035,0.0018,0,0,0,0
21,0,0,0,0,0.00011,0,0,0,0.025568,0,0.00093,5e-05,0.01144,0,0.14417,0.02107,0,0.10256,0,0.0109,0,0,0,0.0202
21.2,0,0,0,0,0,0,0,0,0,0,0,5e-05,0,0,0.00202,0,0,0,0,0,0,0,0,0.0116
21.3,0,0,0,0,0,0,0,0,0,0,0,0,0,0,0,0,0,0,0,0.01,0,0,0,0
22,0,0,0,0,0,0,0,0,0.056818,0,5e-05,0,0.00859,0,0.12609,0.00757,0,0.06895,0,0.0018,0,0,0,0
22.2,0,0,0,0,0,0,0,0,0,0,0,0,5e-05,0,0.00398,0,0,0.00035,0,0,0,0,0,0.0332
22.3,0,0,0,0,0,0,0,0,0,0,0,0,0,0,5e-05,0,0,0,0,0.0045,0,0,0,0
23,0,0,0,0,0,0,0,0,0.139205,0,5e-05,0,0.00235,0,0.1213,0.00345,0,0.0492,0,0.0036,0,0,0,0
23.2,0,0,0,0,0,0,0,0,0,0,0,0,0,0,0.00245,0,0,0,0,0,0,0,0,0.026
23.3,0,0,0,0,0,0,0,0,0,0,0,0,0,0,0,0,0,0,0,9e-04,0,0,0,0
24,0,5e-05,0,0,0,0,0,0,0.053977,0,0,0,0.00104,0,0.15153,0.00113,0,0.02495,0,0.0027,0,0,0,0
24.2,0,0.00087,0,0,0,0,0,0,0,0,0,0,0,0,0.00071,0,0,0.00035,0,0,0,0,0,0.0448
24.3,0,0,0,0,0,0,0,0,0,0,0,0,0,0,0,0,0,0,0,0,0,0,0,0
25,0,0.00033,0,0,0,0,0,0,0.051136,0,0,0,0.00016,0,0.15044,0.00028,0,0.01143,0,0,0,0,0,0
25.2,0,0.00054,0,0,0,0,0,0,0,0,0,0,0,0,5e-05,0,0,0,0,0,0,0,0,0.039
25.3,0,0,0,0,0,0,0,0,0,0,0,0,0,0,5e-05,0,0,0,0,0,0,0,0,0
26,0,0.00158,0,0,0,0,0,0,0.017045,0,0,0,5e-05,0,0.07375,6e-05,0,0.00312,0,0,0,0,0,0
26.2,0,0.00016,0,0,0,0,0,0,0,0,0,0,0,0,5e-05,0,0,0,0,0,0,0,0,0.0419
27,0,0.01638,0,0,0,0,0,0,0.002841,0,0,0,0.00025,0,0.022,0,0,0.00208,0,0,0,0,0,0
27.2,0,0.00011,0,0,0,0,0,0,0,0,0,0,0,0,0,0,0,0,0,0,0,0,0,0.0708
28,0,0.09375,0,0,0,0,0,0,0,0,0,0,0,0,0.00599,0,0,0,0,0,0,0,0,0
28.2,0,0.00076,0,0,0,0,0,0,0,0,0,0,0,0,0,0,0,0,0,0,0,0,0,0.078
29,0,0.19643,0,0,0,0,0,0,0,0,0,0,0,0,0.00054,0,0,0,0,0,0,0,0,0
29.2,0,0.00207,0,0,0,0,0,0,0,0,0,0,0,0,0,0,0,0,0,0,0,0,0,0.078
30,0,0.27228,0,0,0,0,0,0,0,0,0,0,0,0,0.00016,0,0,0,0,0,0,0,0,0
30.2,0,0.02536,0,0,0,0,0,0,0,0,0,0,0,0,0,0,0,0,0,0,0,0,0,0.0491
31,0,0.06209,0,0,0,0,0,0,0,0,0,0,0,0,0.00034,0,0,0,0,0,0,0,0,0
31.2,0,0.11312,0,0,0,0,0,0,0,0,0,0,0,0,0,0,0,0,0,0,0,0,0,0.0289
32,0,0.0092,0,0,0,0,0,0,0,0,0,0,0,0,0,0,0,0,0,0,0,0,0,0
32.1,0,0.00016,0,0,0,0,0,0,0,0,0,0,0,0,0,0,0,0,0,0,0,0,0,0
32.2,0,0.13843,0,0,0,0,0,0,0,0,0,0,0,0,0,0,0,0,0,0,0,0,0,0.0159
33,0,0.00212,0,0,0,0,0,0,0,0,0,0,0,0,0,0,0,0,0,0,0,0,0,0.0351
33.1,0,0.00011,0,0,0,0,0,0,0,0,0,0,0,0,0,0,0,0,0,0,0,0,0,0
33.2,0,0.0543,0,0,0,0,0,0,0,0,0,0,0,0,0,0,0,0,0,0,0,0,0,0
33.3,0,0.00011,0,0,0,0,0,0,0,0,0,0,0,0,0,0,0,0,0,0,0,0,0,0
34,0,0.00044,0,0,0,0,0,0,0,0,0,0,0,0,0,0,0,0,0,0,0,0,0,0
34.2,0,0.00637,0,0,0,0,0,0,0,0,0,0,0,0,0,0,0,0,0,0,0,0,0,0
35,0,0.00132,0,0,0,0,0,0,0,0,0,0,0,0,0,0,0,0,0,0,0,0,0,0
35.1,0,0.00027,0,0,0,0,0,0,0,0,0,0,0,0,0,0,0,0,0,0,0,0,0,0
35.2,0,0.00087,0,0,0,0,0,0,0,0,0,0,0,0,0,0,0,0,0,0,0,0,0,0
36,0,0.00027,0,0,0,0,0,0,0,0,0,0,0,0,0,0,0,0,0,0,0,0,0,0
36.2,0,5e-05,0,0,0,0,0,0,0,0,0,0,0,0,0,0,0,0,0,0,0,0,0,0
37,0,5e-05,0,0,0,0,0,0,0,0,0,0,0,0,0,0,0,0,0,0,0,0,0,0
